it_start_UT,it_end_UT,sfu_10640MHz,std_sfu_10640MHz,corr_sfu_10640MHz,corr_std_sfu_10640MHz,temp_K,precip_mm,global_irr_Wm2,quality_check_pointing,comment
2025-01-01 09:00:00,2025-01-01 10:00:00,345.67746862741217,8.16604446203344,345.67746862741217,8.16604446203344,278.1166666666666,0.0,247.16666666666663,1,
2025-01-01 11:00:00,2025-01-01 12:00:00,349.5353926724191,6.75460669037897,349.5353926724191,6.75460669037897,280.66666666666663,0.0,360.1666666666667,1,
2025-01-01 13:00:00,2025-01-01 14:00:00,350.491064391299,5.437728734812268,350.491064391299,5.437728734812268,281.65,0.0,269.5,1,
2025-01-02 09:00:00,2025-01-02 10:00:00,360.08760678199474,35.550536766313286,360.08760678199474,35.550536766313286,279.16666666666663,0.0,31.666666666666668,1,CI/DM 
2025-01-02 11:00:00,2025-01-02 12:00:00,352.5858869640384,8.562111401931292,352.5858869640384,8.562111401931292,279.5,0.0,146.83333333333334,1,CI/DM 
2025-01-02 13:00:00,2025-01-02 14:00:00,350.0689596781554,5.820901300838356,350.0689596781554,5.820901300838356,279.3666666666666,0.0,85.0,1,
2025-01-03 09:00:00,2025-01-03 10:00:00,342.86753672061224,36.01046077980893,342.86753672061224,36.01046077980893,281.75,0.0,264.6666666666667,1,CI/DM 
2025-01-03 11:00:00,2025-01-03 12:00:00,363.32582273639485,34.33230284243844,363.32582273639485,34.33230284243844,284.0333333333333,0.0,384.5,1,FL/IF 
2025-01-03 13:00:00,2025-01-03 14:00:00,341.7893681301594,5.564670772039179,341.7893681301594,5.564670772039179,284.21666666666664,0.0,294.5,1,
2025-01-04 09:00:00,2025-01-04 10:00:00,342.04663247328904,6.753536885996777,342.04663247328904,6.753536885996777,275.25,0.0,255.0,1,
2025-01-04 11:00:00,2025-01-04 12:00:00,334.67892346563985,5.030766489129765,334.67892346563985,5.030766489129765,276.76666666666665,0.0,300.8333333333333,1,
2025-01-04 13:00:00,2025-01-04 14:00:00,341.76990490944803,9.016030673216187,341.76990490944803,9.016030673216187,277.8833333333333,0.0,232.5,1,
2025-01-05 09:00:00,2025-01-05 10:00:00,355.3065770919529,14.87046831382584,355.3065770919529,14.87046831382584,275.4833333333333,0.0,81.83333333333333,1,
2025-01-05 11:00:00,2025-01-05 12:00:00,337.4668353371373,38.65804989239716,337.4668353371373,38.65804989239716,276.54999999999995,0.0,135.0,1,CI/DM 
2025-01-05 13:00:00,2025-01-05 14:00:00,329.9148305158858,3.998702131473975,329.9148305158858,3.998702131473975,277.0,0.0,105.16666666666669,1,
2025-01-06 09:00:00,2025-01-06 10:00:00,310.7319410291947,5.544751822789376,310.7319410291947,5.544751822789376,275.8833333333333,0.0,12.833333333333334,1,
2025-01-06 11:00:00,2025-01-06 12:00:00,297.04661211565906,11.987430809452192,297.04661211565906,11.987430809452192,276.29999999999995,3.1,18.83333333333333,1,PR 
2025-01-06 13:00:00,2025-01-06 14:00:00,301.6459622598498,15.675300099631135,301.6459622598498,15.675300099631135,276.31666666666666,1.9,10.333333333333334,1,PR 
2025-01-07 09:00:00,2025-01-07 10:00:00,308.9100353874491,10.009367573258697,308.9100353874491,10.009367573258697,276.81666666666666,0.0,274.5,1,
2025-01-07 11:00:00,2025-01-07 12:00:00,311.5098244262916,7.15657183046373,311.5098244262916,7.15657183046373,278.8333333333333,0.0,392.3333333333333,1,
2025-01-07 13:00:00,2025-01-07 14:00:00,311.1823279906613,7.300006204922722,311.1823279906613,7.300006204922722,279.95,0.0,300.3333333333333,1,
2025-01-08 09:00:00,2025-01-08 10:00:00,315.6412119040286,5.4631449666412255,315.6412119040286,5.4631449666412255,277.21666666666664,0.0,86.66666666666667,1,
2025-01-08 11:00:00,2025-01-08 12:00:00,311.23757331995967,5.769609979064391,311.23757331995967,5.769609979064391,278.35,0.0,86.66666666666667,1,
2025-01-08 13:00:00,2025-01-08 14:00:00,305.16245283584584,4.558946187424254,305.16245283584584,4.558946187424254,278.96666666666664,0.0,85.66666666666667,1,
2025-01-09 09:00:00,2025-01-09 10:00:00,308.6372629654167,6.419492884590282,308.6372629654167,6.419492884590282,277.81666666666666,0.0,76.83333333333333,1,
2025-01-09 11:00:00,2025-01-09 12:00:00,312.97530439769827,5.4804249623090175,312.97530439769827,5.4804249623090175,278.31666666666666,0.0,93.66666666666669,1,
2025-01-09 13:00:00,2025-01-09 14:00:00,307.20086312928936,4.436310703452915,307.20086312928936,4.436310703452915,278.7833333333333,0.0,73.83333333333333,1,
2025-01-10 09:00:00,2025-01-10 10:00:00,333.0561311957106,34.80712172704462,333.0561311957106,34.80712172704462,281.56666666666666,0.0,259.6666666666667,1,CI/DM 
2025-01-10 11:00:00,2025-01-10 12:00:00,321.9945252948272,4.2869464142353495,321.9945252948272,4.2869464142353495,281.9833333333333,0.0,158.0,1,
2025-01-10 13:00:00,2025-01-10 14:00:00,308.2178568864952,5.68224038746107,308.2178568864952,5.68224038746107,281.01666666666665,0.0,41.16666666666666,1,
2025-01-11 09:00:00,2025-01-11 10:00:00,300.2963136426385,6.932907529434864,300.2963136426385,6.932907529434864,275.01666666666665,0.0,92.83333333333331,1,
2025-01-11 11:00:00,2025-01-11 12:00:00,304.75895248540985,6.755012192620099,304.75895248540985,6.755012192620099,277.5833333333333,0.0,381.1666666666667,1,
2025-01-11 13:00:00,2025-01-11 14:00:00,300.8618282748655,6.130668858336169,300.8618282748655,6.130668858336169,278.9833333333333,0.0,308.1666666666667,1,
2025-01-12 09:00:00,2025-01-12 10:00:00,321.47825575403226,57.41918406632824,321.47825575403226,57.41918406632824,277.2333333333333,0.0,278.8333333333333,1,CI/DM 
2025-01-12 11:00:00,2025-01-12 12:00:00,328.5311904166263,6.236215270678051,328.5311904166263,6.236215270678051,279.15,0.0,404.0,1,
2025-01-12 13:00:00,2025-01-12 14:00:00,325.69713793748804,5.843450877906987,325.69713793748804,5.843450877906987,280.0833333333333,0.0,319.6666666666667,1,
2025-01-13 09:00:00,2025-01-13 10:00:00,311.79397719614764,8.274441422859434,311.79397719614764,8.274441422859434,277.51666666666665,0.0,285.3333333333333,1,
2025-01-13 11:00:00,2025-01-13 12:00:00,320.8536185010827,6.882947924991417,320.8536185010827,6.882947924991417,278.51666666666665,0.0,412.1666666666667,1,
2025-01-13 13:00:00,2025-01-13 14:00:00,325.54229635303943,6.150636790059551,325.54229635303943,6.150636790059551,280.18333333333334,0.0,325.1666666666667,1,
2025-01-14 09:00:00,2025-01-14 10:00:00,335.7567317516484,6.68393592450605,335.7567317516484,6.68393592450605,274.18333333333334,0.0,262.1666666666667,1,
2025-01-14 11:00:00,2025-01-14 12:00:00,334.63083830708035,5.793168093768022,334.63083830708035,5.793168093768022,276.54999999999995,0.0,393.6666666666667,1,
2025-01-14 13:00:00,2025-01-14 14:00:00,331.51693476275904,6.0464599383536255,331.51693476275904,6.0464599383536255,277.5833333333333,0.0,309.5,1,
2025-01-15 09:00:00,2025-01-15 10:00:00,323.6017722337785,9.319052276102363,323.6017722337785,9.319052276102363,275.54999999999995,0.0,273.6666666666667,1,
2025-01-15 11:00:00,2025-01-15 12:00:00,327.5795981721772,8.867556379743169,327.5795981721772,8.867556379743169,277.54999999999995,0.0,396.1666666666667,1,
2025-01-15 13:00:00,2025-01-15 14:00:00,326.3824450734991,7.116981186211639,326.3824450734991,7.116981186211639,279.5833333333333,0.0,326.3333333333333,1,
2025-01-16 09:00:00,2025-01-16 10:00:00,338.5870753321505,9.392728389766322,338.5870753321505,9.392728389766322,276.91666666666663,0.0,271.3333333333333,1,
2025-01-16 11:00:00,2025-01-16 12:00:00,344.76672081859215,8.548334828699009,344.76672081859215,8.548334828699009,279.3666666666666,0.0,398.8333333333333,1,
2025-01-16 13:00:00,2025-01-16 14:00:00,343.3015323980105,9.578139309447591,343.3015323980105,9.578139309447591,280.65,0.0,320.8333333333333,1,
2025-01-17 09:00:00,2025-01-17 10:00:00,324.9020635114556,12.99613727193842,324.9020635114556,12.99613727193842,275.66666666666663,0.0,269.3333333333333,1,
2025-01-17 11:00:00,2025-01-17 12:00:00,336.2140978969908,7.24722075802763,336.2140978969908,7.24722075802763,278.7,0.0,403.1666666666667,1,
2025-01-17 13:00:00,2025-01-17 14:00:00,336.2829861760196,16.22401039944669,336.2829861760196,16.22401039944669,279.21666666666664,0.0,312.8333333333333,1,
2025-01-18 09:00:00,2025-01-18 10:00:00,337.6851867943489,9.402691772953649,337.6851867943489,9.402691772953649,277.8833333333333,0.0,151.16666666666666,1,
2025-01-18 11:00:00,2025-01-18 12:00:00,342.9530943731372,10.003290243066663,342.9530943731372,10.003290243066663,280.4833333333333,0.0,249.8333333333333,1,
2025-01-18 13:00:00,2025-01-18 14:00:00,339.9653833771293,9.997154172848138,339.9653833771293,9.997154172848138,283.75,0.0,339.1666666666667,1,
2025-01-19 09:00:00,2025-01-19 10:00:00,347.14449343449,6.451012106000069,347.14449343449,6.451012106000069,277.68333333333334,0.0,70.33333333333333,1,
2025-01-19 11:00:00,2025-01-19 12:00:00,350.30925904805645,5.230291752177608,350.30925904805645,5.230291752177608,278.31666666666666,0.0,109.33333333333331,1,
2025-01-19 13:00:00,2025-01-19 14:00:00,346.3335144146552,3.796059720866929,346.3335144146552,3.796059720866929,279.0,0.0,60.333333333333336,1,
2025-01-20 09:00:00,2025-01-20 10:00:00,352.00011715505667,5.234028394896889,352.00011715505667,5.234028394896889,277.8666666666666,0.0,62.66666666666666,1,
2025-01-20 11:00:00,2025-01-20 12:00:00,344.26384812767094,5.54416254099604,344.26384812767094,5.54416254099604,278.54999999999995,0.0,147.66666666666666,1,
2025-01-20 13:00:00,2025-01-20 14:00:00,334.0619511739454,5.472783927908938,334.0619511739454,5.472783927908938,279.04999999999995,0.1,70.16666666666667,1,PR 
2025-01-21 09:00:00,2025-01-21 10:00:00,320.9909565316097,10.631363387751398,320.9909565316097,10.631363387751398,278.3833333333333,0.0,180.8333333333333,1,CI/DM 
2025-01-21 11:00:00,2025-01-21 12:00:00,353.9483487174068,9.346168686583956,353.9483487174068,9.346168686583956,281.3333333333333,0.0,450.0,1,
2025-01-21 13:00:00,2025-01-21 14:00:00,342.67304678697843,6.155297796772669,342.67304678697843,6.155297796772669,283.21666666666664,0.0,356.1666666666667,1,
2025-01-22 09:00:00,2025-01-22 10:00:00,333.75359410794783,7.443253510515477,333.75359410794783,7.443253510515477,276.9833333333333,0.0,140.33333333333334,1,
2025-01-22 11:00:00,2025-01-22 12:00:00,348.3754683173282,7.94052906098776,348.3754683173282,7.94052906098776,277.8833333333333,0.0,127.66666666666669,1,
2025-01-22 13:00:00,2025-01-22 14:00:00,331.9074168116317,6.618387754514179,331.9074168116317,6.618387754514179,278.15,0.0,98.0,1,
2025-01-23 09:00:00,2025-01-23 10:00:00,331.3334469273948,6.526360992272378,331.3334469273948,6.526360992272378,277.91,0.0,101.6,1,
2025-01-23 11:00:00,2025-01-23 12:00:00,336.19104255736124,13.415330090601676,336.19104255736124,13.415330090601676,281.075,0.0,535.0,1,
2025-01-23 13:00:00,2025-01-23 14:00:00,337.4681535431519,6.236319374484719,337.4681535431519,6.236319374484719,282.0,0.0,364.5,1,
2025-01-24 09:00:00,2025-01-24 10:00:00,329.0216442878092,8.5101915297547,329.0216442878092,8.5101915297547,279.25,0.0,299.8,1,
2025-01-24 11:00:00,2025-01-24 12:00:00,344.41370902129364,7.268977769570374,344.41370902129364,7.268977769570374,281.975,0.0,353.0,1,
2025-01-24 13:00:00,2025-01-24 14:00:00,342.95266089590297,9.374258834287057,342.95266089590297,9.374258834287057,282.5,0.0,353.25,1,
2025-01-25 09:00:00,2025-01-25 10:00:00,337.57756478916565,7.196429128243525,337.57756478916565,7.196429128243525,278.45,0.0,61.66666666666666,1,
2025-01-25 11:00:00,2025-01-25 12:00:00,331.45331570926896,7.6058714284183555,331.45331570926896,7.6058714284183555,279.23,0.0,73.0,1,
2025-01-25 13:00:00,2025-01-25 14:00:00,329.76067016559847,5.334190168426824,329.76067016559847,5.334190168426824,279.4,0.0,96.75,1,
2025-01-26 09:00:00,2025-01-26 10:00:00,312.3527125415618,8.203417768670047,312.3527125415618,8.203417768670047,279.71,0.0,273.0,1,
2025-01-26 11:00:00,2025-01-26 12:00:00,317.1571477432898,6.723623620912483,317.1571477432898,6.723623620912483,281.075,0.0,470.75,1,
2025-01-26 13:00:00,2025-01-26 14:00:00,319.1726755373016,8.632285352436755,319.1726755373016,8.632285352436755,282.075,0.0,374.0,1,
2025-01-27 09:00:00,2025-01-27 10:00:00,417.28652708508656,416.6495244725277,417.28652708508656,416.6495244725277,278.725,0.5,43.0,1,FL/IF CI/DM PR 
2025-01-27 11:00:00,2025-01-27 12:00:00,302.49115211964784,6.965322852118455,302.49115211964784,6.965322852118455,278.825,1.1,40.0,1,PR 
2025-01-27 13:00:00,2025-01-27 14:00:00,312.3555387191388,19.46200032315117,312.3555387191388,19.46200032315117,278.725,1.2000000000000002,22.0,1,PR 
2025-01-28 09:00:00,2025-01-28 10:00:00,299.96678911702253,9.202583241713745,299.96678911702253,9.202583241713745,277.575,1.4,9.5,1,PR 
2025-01-28 11:00:00,2025-01-28 12:00:00,310.27046907984374,8.51686098497616,310.27046907984374,8.51686098497616,279.0833333333333,0.0,88.33333333333333,1,
2025-01-28 13:00:00,2025-01-28 14:00:00,320.3336404870509,5.026677620475295,320.3336404870509,5.026677620475295,279.75,0.0,77.25,1,
2025-01-29 09:00:00,2025-01-29 10:00:00,316.7166502292143,6.800808861748086,316.7166502292143,6.800808861748086,278.85,0.0,332.6666666666667,1,
2025-01-29 11:00:00,2025-01-29 12:00:00,316.98888449612025,10.302793790229693,316.98888449612025,10.302793790229693,280.775,0.0,450.0,1,
2025-01-29 13:00:00,2025-01-29 14:00:00,316.2361743988345,6.170862779141273,316.2361743988345,6.170862779141273,281.67,0.0,313.4,1,
2025-01-30 09:00:00,2025-01-30 10:00:00,312.68109415309857,6.394850960992426,312.68109415309857,6.394850960992426,278.2,0.0,90.5,1,
2025-01-30 11:00:00,2025-01-30 12:00:00,307.29672235915774,5.673909333231128,307.29672235915774,5.673909333231128,278.875,0.0,174.0,1,
2025-01-30 13:00:00,2025-01-30 14:00:00,312.36159485639763,5.740174326621312,312.36159485639763,5.740174326621312,279.65,0.0,129.0,1,
2025-01-31 09:00:00,2025-01-31 10:00:00,319.2599220297805,6.8269299874090725,319.2599220297805,6.8269299874090725,277.775,0.0,120.0,1,
2025-01-31 11:00:00,2025-01-31 12:00:00,313.5001439701514,7.542422921567547,313.5001439701514,7.542422921567547,279.2,0.0,195.5,1,
2025-01-31 13:00:00,2025-01-31 14:00:00,354.1783972327473,76.65591533686278,354.1783972327473,76.65591533686278,280.65,0.0,220.75,1,FL/IF 
2025-02-01 09:00:00,2025-02-01 10:00:00,301.8498677099324,7.227582023736742,301.8498677099324,7.227582023736742,278.3833333333333,0.2,60.333333333333336,1,PR 
2025-02-01 11:00:00,2025-02-01 12:00:00,300.0654493775646,6.562408673405872,300.0654493775646,6.562408673405872,278.75,0.2,102.0,1,PR 
2025-02-01 13:00:00,2025-02-01 14:00:00,307.0897364641004,10.549993046780555,307.0897364641004,10.549993046780555,278.975,0.4,87.0,1,PR 
2025-02-02 09:00:00,2025-02-02 10:00:00,312.3675275251091,7.602972698731953,312.3675275251091,7.602972698731953,279.75,0.0,341.5,1,
2025-02-02 11:00:00,2025-02-02 12:00:00,318.5076714036284,6.328358487608256,318.5076714036284,6.328358487608256,281.79999999999995,0.0,484.5,1,
2025-02-02 13:00:00,2025-02-02 14:00:00,328.2659365058847,6.373872031801452,328.2659365058847,6.373872031801452,283.54999999999995,0.0,407.25,1,
2025-02-03 09:00:00,2025-02-03 10:00:00,351.7428779617164,37.93046468100741,351.7428779617164,37.93046468100741,279.025,0.0,351.25,1,CI/DM 
2025-02-03 11:00:00,2025-02-03 12:00:00,349.353511879378,7.420119765305313,349.353511879378,7.420119765305313,281.92499999999995,0.0,494.25,1,
2025-02-03 13:00:00,2025-02-03 14:00:00,354.7481003658502,12.742435815154945,354.7481003658502,12.742435815154945,284.04999999999995,0.0,419.0,1,
2025-02-04 09:00:00,2025-02-04 10:00:00,338.5612606607882,7.031812471945009,338.5612606607882,7.031812471945009,279.1,0.0,359.0,1,
2025-02-04 11:00:00,2025-02-04 12:00:00,338.67295821387097,9.595020118019022,338.67295821387097,9.595020118019022,280.9833333333333,0.0,487.3333333333333,1,
2025-02-04 13:00:00,2025-02-04 14:00:00,363.2083445222539,43.907261938970976,363.2083445222539,43.907261938970976,282.1,0.0,398.0,1,FL/IF 
2025-02-05 09:00:00,2025-02-05 10:00:00,312.5136982439732,56.12419748044592,312.5136982439732,56.12419748044592,278.75,0.0,378.6666666666667,1,CI/DM 
2025-02-05 11:00:00,2025-02-05 12:00:00,325.0319043530126,7.560445195854785,325.0319043530126,7.560445195854785,281.85,0.0,505.0,1,
2025-02-05 13:00:00,2025-02-05 14:00:00,326.19847606085494,6.056140571474115,326.19847606085494,6.056140571474115,283.29999999999995,0.0,422.75,1,
2025-02-06 09:00:00,2025-02-06 10:00:00,324.1430017291509,16.71645353220379,324.1430017291509,16.71645353220379,279.4,0.0,368.25,1,CI/DM 
2025-02-06 11:00:00,2025-02-06 12:00:00,338.6162639551188,14.36316648192715,338.6162639551188,14.36316648192715,282.3833333333333,0.0,513.6666666666666,1,
2025-02-06 13:00:00,2025-02-06 14:00:00,334.0826048874261,6.2998625016435055,334.0826048874261,6.2998625016435055,283.825,0.0,426.5,1,
2025-02-07 09:00:00,2025-02-07 10:00:00,335.24309805007624,21.308549835382824,335.24309805007624,21.308549835382824,276.17499999999995,0.0,99.0,1,
2025-02-07 11:00:00,2025-02-07 12:00:00,294.34191479695687,13.636797219738163,294.34191479695687,13.636797219738163,278.225,0.0,318.5,1,
2025-02-07 13:00:00,2025-02-07 14:00:00,308.67301396766703,6.989132588345853,308.67301396766703,6.989132588345853,278.45,0.0,135.5,1,
2025-02-08 09:00:00,2025-02-08 10:00:00,317.8840692952345,12.918633591215166,317.8840692952345,12.918633591215166,276.225,0.1,28.75,1,PR 
2025-02-08 11:00:00,2025-02-08 12:00:00,293.7192991406889,8.165129701195108,293.7192991406889,8.165129701195108,276.04999999999995,0.6000000000000001,39.75,1,PR 
2025-02-08 13:00:00,2025-02-08 14:00:00,298.9522712987033,7.493458648752456,298.9522712987033,7.493458648752456,275.775,0.0,30.0,1,
2025-02-09 09:00:00,2025-02-09 10:00:00,274.6104121348128,8.60412285004071,274.6104121348128,8.60412285004071,277.0,0.3,63.5,1,PR 
2025-02-09 11:00:00,2025-02-09 12:00:00,274.32989664043447,7.331631187679306,274.32989664043447,7.331631187679306,278.0,0.1,140.25,1,PR 
2025-02-09 13:00:00,2025-02-09 14:00:00,274.87674070092834,7.370558544008027,274.87674070092834,7.370558544008027,278.15,0.2,75.25,1,PR 
2025-02-10 09:00:00,2025-02-10 10:00:00,319.63172617336204,8.754517211973807,319.63172617336204,8.754517211973807,279.975,0.0,194.75,1,
2025-02-10 11:00:00,2025-02-10 12:00:00,305.7389330800147,14.732051805050949,305.7389330800147,14.732051805050949,283.0,0.0,561.25,1,CI/DM 
2025-02-10 13:00:00,2025-02-10 14:00:00,316.66461120841615,7.693285276750171,316.66461120841615,7.693285276750171,283.29999999999995,0.0,476.75,1,
2025-02-11 09:00:00,2025-02-11 10:00:00,313.0721695329032,7.627155461391498,313.0721695329032,7.627155461391498,279.9,0.0,65.25,1,CI/DM 
2025-02-11 11:00:00,2025-02-11 12:00:00,301.0738957713522,15.230303503500975,301.0738957713522,15.230303503500975,280.25,0.0,75.33333333333333,1,CI/DM 
2025-02-11 13:00:00,2025-02-11 14:00:00,311.47449261377534,6.000793814881519,311.47449261377534,6.000793814881519,280.47,0.0,63.0,1,
2025-02-12 09:00:00,2025-02-12 10:00:00,,,,,279.875,0.0,76.75,1,TO 
2025-02-12 11:00:00,2025-02-12 12:00:00,,,,,281.2,0.0,319.5,1,TO 
2025-02-12 13:00:00,2025-02-12 14:00:00,,,,,281.71666666666664,0.0,246.0,1,TO 
2025-02-14 09:00:00,2025-02-14 10:00:00,323.74933901476305,7.86763880709529,323.74933901476305,7.86763880709529,282.04999999999995,0.0,419.5,1,
2025-02-14 11:00:00,2025-02-14 12:00:00,311.75305547816225,8.280412808800948,311.75305547816225,8.280412808800948,283.325,0.0,562.25,1,
2025-02-14 13:00:00,2025-02-14 14:00:00,314.794441555244,6.879942308989887,314.794441555244,6.879942308989887,283.5,0.0,488.25,1,
2025-02-15 09:00:00,2025-02-15 10:00:00,294.33275090872297,8.363195592385221,294.33275090872297,8.363195592385221,277.875,0.0,459.0,1,
2025-02-15 11:00:00,2025-02-15 12:00:00,289.0331007612733,9.026896558199502,289.0331007612733,9.026896558199502,279.6,0.0,573.5,1,
2025-02-15 13:00:00,2025-02-15 14:00:00,305.0728136851533,8.660614805705361,305.0728136851533,8.660614805705361,282.31666666666666,0.0,485.3333333333333,1,
2025-02-16 09:00:00,2025-02-16 10:00:00,294.73491014240955,9.467783636975057,294.73491014240955,9.467783636975057,277.1,0.0,404.0,1,
2025-02-16 11:00:00,2025-02-16 12:00:00,289.4018041891485,8.110667251488888,289.4018041891485,8.110667251488888,279.25,0.0,552.75,1,
2025-02-16 13:00:00,2025-02-16 14:00:00,300.02096775846275,38.7366365522175,300.02096775846275,38.7366365522175,280.17499999999995,0.0,472.25,1,CI/DM 
2025-02-17 09:00:00,2025-02-17 10:00:00,305.6979359489876,7.191130157439036,305.6979359489876,7.191130157439036,277.225,0.0,84.0,1,
2025-02-17 11:00:00,2025-02-17 12:00:00,295.74636825070536,8.345749966717705,295.74636825070536,8.345749966717705,277.725,0.0,138.25,1,
2025-02-17 13:00:00,2025-02-17 14:00:00,308.2451574842477,5.573800219881981,308.2451574842477,5.573800219881981,277.525,0.0,141.0,1,
2025-02-18 09:00:00,2025-02-18 10:00:00,283.5011720993701,8.539582742660253,283.5011720993701,8.539582742660253,276.92999999999995,0.0,93.4,1,
2025-02-18 11:00:00,2025-02-18 12:00:00,280.97026524051887,8.813377338010445,280.97026524051887,8.813377338010445,278.31666666666666,0.0,338.6666666666667,1,
2025-02-18 13:00:00,2025-02-18 14:00:00,293.2619009510389,7.605014206982878,293.2619009510389,7.605014206982878,279.725,0.0,446.75,1,
2025-02-19 09:00:00,2025-02-19 10:00:00,278.0193357192175,8.672707987826389,278.0193357192175,8.672707987826389,275.45,0.0,35.75,1,
2025-02-19 11:00:00,2025-02-19 12:00:00,267.51249079775016,8.3195710664456,267.51249079775016,8.3195710664456,276.01666666666665,0.0,110.66666666666669,1,
2025-02-19 13:00:00,2025-02-19 14:00:00,287.1039025119868,7.322893081191716,287.1039025119868,7.322893081191716,276.25,0.0,98.75,1,
2025-02-20 09:00:00,2025-02-20 10:00:00,280.2308518050215,9.665446741331856,280.2308518050215,9.665446741331856,278.51666666666665,0.0,448.3333333333333,1,
2025-02-20 11:00:00,2025-02-20 12:00:00,280.52393406923494,7.025951465953856,280.52393406923494,7.025951465953856,280.325,0.0,551.75,1,
2025-02-20 13:00:00,2025-02-20 14:00:00,299.84234516044086,7.734129434862412,299.84234516044086,7.734129434862412,281.625,0.0,472.0,1,
2025-02-21 09:00:00,2025-02-21 10:00:00,287.6422347480786,7.019789961243889,287.6422347480786,7.019789961243889,279.31666666666666,0.0,375.0,1,
2025-02-21 11:00:00,2025-02-21 12:00:00,287.6601782071881,8.20076784751155,287.6601782071881,8.20076784751155,282.025,0.0,553.75,1,
2025-02-21 13:00:00,2025-02-21 14:00:00,319.4487898714493,7.7064165482206946,319.4487898714493,7.7064165482206946,284.025,0.0,484.0,1,
2025-02-22 09:00:00,2025-02-22 10:00:00,307.3084597052293,8.262752035840485,307.3084597052293,8.262752035840485,279.33,0.0,64.4,1,
2025-02-22 11:00:00,2025-02-22 12:00:00,297.6452457425058,8.722251989544443,297.6452457425058,8.722251989544443,280.23,0.0,188.0,1,
2025-02-22 13:00:00,2025-02-22 14:00:00,319.3539565939799,6.442841888829968,319.3539565939799,6.442841888829968,279.975,0.0,107.0,1,
2025-02-23 09:00:00,2025-02-23 10:00:00,308.2608847185534,10.71658029717237,308.2608847185534,10.71658029717237,281.1,0.0,289.25,1,
2025-02-23 11:00:00,2025-02-23 12:00:00,303.0635735028397,10.928016345952331,303.0635735028397,10.928016345952331,284.075,0.0,531.75,1,
2025-02-23 13:00:00,2025-02-23 14:00:00,325.20788367936325,13.680630856878189,325.20788367936325,13.680630856878189,285.15,0.0,418.75,1,
2025-02-24 09:00:00,2025-02-24 10:00:00,312.28157430184416,8.594937621332168,312.28157430184416,8.594937621332168,283.025,0.0,440.5,1,
2025-02-24 11:00:00,2025-02-24 12:00:00,305.9976938289874,9.381832739664413,305.9976938289874,9.381832739664413,283.975,0.0,409.5,1,
2025-02-24 13:00:00,2025-02-24 14:00:00,327.03050435837446,7.660854065965304,327.03050435837446,7.660854065965304,284.575,0.0,251.0,1,
2025-02-25 09:00:00,2025-02-25 10:00:00,297.33613640931844,10.018325307258747,297.33613640931844,10.018325307258747,280.68333333333334,0.0,59.0,1,
2025-02-25 11:00:00,2025-02-25 12:00:00,300.8443479726711,53.886783610964684,300.8443479726711,53.886783610964684,280.04999999999995,0.8,48.333333333333336,1,PR 
2025-02-25 13:00:00,2025-02-25 14:00:00,296.0113188343078,8.161222832856328,296.0113188343078,8.161222832856328,280.71666666666664,0.5,55.0,1,PR 
2025-02-26 09:00:00,2025-02-26 10:00:00,320.0366071521855,13.970903256053123,320.0366071521855,13.970903256053123,281.91666666666663,0.0,482.0,1,
2025-02-26 11:00:00,2025-02-26 12:00:00,297.2799954074291,10.042066623024462,297.2799954074291,10.042066623024462,286.65,0.0,619.75,1,
2025-02-26 13:00:00,2025-02-26 14:00:00,307.77710319549766,7.251585299797654,307.77710319549766,7.251585299797654,289.1,0.0,533.5,1,
2025-02-27 09:00:00,2025-02-27 10:00:00,296.28488195474614,14.271387426683203,296.28488195474614,14.271387426683203,281.81666666666666,0.0,426.6666666666667,1,
2025-02-27 11:00:00,2025-02-27 12:00:00,281.8280557912321,10.401546163636889,281.8280557912321,10.401546163636889,284.54999999999995,0.0,639.75,1,
2025-02-27 13:00:00,2025-02-27 14:00:00,292.7687180072827,7.618519770222526,292.7687180072827,7.618519770222526,284.975,0.0,550.5,1,
2025-02-28 09:00:00,2025-02-28 10:00:00,230.48995184112343,12.907450298182388,230.48995184112343,12.907450298182388,282.42499999999995,0.0,498.0,1,CI/DM 
2025-02-28 11:00:00,2025-02-28 12:00:00,219.3682437295202,10.588912529076476,219.3682437295202,10.588912529076476,284.75,0.0,633.25,1,CI/DM 
2025-02-28 13:00:00,2025-02-28 14:00:00,232.69065929215083,8.60594551988582,232.69065929215083,8.60594551988582,285.775,0.0,563.75,1,CI/DM 
2025-03-01 09:00:00,2025-03-01 10:00:00,175.6002347080564,10.043999345900058,175.6002347080564,10.043999345900058,277.25,0.0,145.2,1,CI/DM 
2025-03-01 11:00:00,2025-03-01 12:00:00,172.15357040434046,12.227734710730177,172.15357040434046,12.227734710730177,278.42499999999995,0.0,374.25,1,CI/DM 
2025-03-01 13:00:00,2025-03-01 14:00:00,182.9969312958576,14.957261083851538,182.9969312958576,14.957261083851538,281.42499999999995,0.0,569.5,1,CI/DM 
2025-03-02 09:00:00,2025-03-02 10:00:00,131.8783313935045,8.796963927734357,131.8783313935045,8.796963927734357,280.79999999999995,0.0,506.75,1,CI/DM 
2025-03-02 11:00:00,2025-03-02 12:00:00,123.7905981635048,8.880387220338871,123.7905981635048,8.880387220338871,283.85,0.0,651.5,1,CI/DM 
2025-03-02 13:00:00,2025-03-02 14:00:00,126.2079511406062,19.161493683399133,126.2079511406062,19.161493683399133,285.125,0.0,570.25,1,CI/DM 
2025-03-03 09:00:00,2025-03-03 10:00:00,81.73275615203083,6.9890413253760535,81.73275615203083,6.9890413253760535,280.725,0.0,526.25,1,CI/DM 
2025-03-03 11:00:00,2025-03-03 12:00:00,81.87743308259934,7.597680751801582,81.87743308259934,7.597680751801582,284.275,0.0,670.25,1,CI/DM 
2025-03-03 13:00:00,2025-03-03 14:00:00,80.89826017123463,8.638880291460733,80.89826017123463,8.638880291460733,286.025,0.0,584.0,1,CI/DM 
2025-03-04 09:00:00,2025-03-04 10:00:00,261.75305353848546,13.296533861985033,261.75305353848546,13.296533861985033,281.79999999999995,0.0,525.5,1,
2025-03-04 11:00:00,2025-03-04 12:00:00,247.6536204428248,10.638880305106904,247.6536204428248,10.638880305106904,285.67499999999995,0.0,662.25,1,CI/DM 
2025-03-04 13:00:00,2025-03-04 14:00:00,260.34693186491256,7.650525711025839,260.34693186491256,7.650525711025839,287.4,0.0,576.75,1,
2025-03-05 09:00:00,2025-03-05 10:00:00,288.15683982523643,9.70675270389176,288.15683982523643,9.70675270389176,283.625,0.0,521.25,1,
2025-03-05 11:00:00,2025-03-05 12:00:00,271.2182886908526,14.423581897658003,271.2182886908526,14.423581897658003,286.65,0.0,661.75,1,
2025-03-05 13:00:00,2025-03-05 14:00:00,276.1174682712437,7.148720220852017,276.1174682712437,7.148720220852017,289.04999999999995,0.0,581.75,1,
2025-03-06 09:00:00,2025-03-06 10:00:00,313.29408744533606,5.776467120958351,313.29408744533606,5.776467120958351,283.54999999999995,0.0,511.25,1,
2025-03-06 11:00:00,2025-03-06 12:00:00,307.5063623803236,8.673969217268086,307.5063623803236,8.673969217268086,287.125,0.0,651.25,1,
2025-03-06 13:00:00,2025-03-06 14:00:00,300.35597309865426,5.775801608768751,300.35597309865426,5.775801608768751,289.54999999999995,0.0,568.0,1,
2025-03-07 09:00:00,2025-03-07 10:00:00,315.0673053191388,8.823831203092622,315.0673053191388,8.823831203092622,283.42499999999995,0.0,505.5,1,
2025-03-07 11:00:00,2025-03-07 12:00:00,302.3364712207687,9.8251818520123,302.3364712207687,9.8251818520123,287.075,0.0,677.25,1,
2025-03-07 13:00:00,2025-03-07 14:00:00,295.281087358252,6.023733843356983,295.281087358252,6.023733843356983,288.5,0.0,584.5,1,
2025-03-08 09:00:00,2025-03-08 10:00:00,306.6283215128207,15.173266790703234,306.6283215128207,15.173266790703234,283.92499999999995,0.0,555.25,1,CI/DM 
2025-03-08 11:00:00,2025-03-08 12:00:00,292.7009443267356,7.839476237962441,292.7009443267356,7.839476237962441,286.5833333333333,0.0,667.6666666666666,1,
2025-03-08 13:00:00,2025-03-08 14:00:00,287.067574130823,7.549716064140686,287.067574130823,7.549716064140686,288.875,0.0,581.0,1,
2025-03-09 09:00:00,2025-03-09 10:00:00,260.2631539845587,11.697746603238784,260.2631539845587,11.697746603238784,282.92499999999995,0.0,400.5,1,
2025-03-09 11:00:00,2025-03-09 12:00:00,242.8495045029532,9.329363831237464,242.8495045029532,9.329363831237464,285.625,0.0,363.25,1,
2025-03-09 13:00:00,2025-03-09 14:00:00,245.41038257354467,9.580824960183492,245.41038257354467,9.580824960183492,286.575,0.0,285.75,1,
2025-03-10 09:00:00,2025-03-10 10:00:00,-62536.174229726304,113565.79645275613,-62536.174229726304,113565.79645275613,280.0833333333333,0.0,53.66666666666666,1,FL/IF CI/DM 
2025-03-10 11:00:00,2025-03-10 12:00:00,,,,,280.85,0.0,141.0,1,TO 
2025-03-10 13:00:00,2025-03-10 14:00:00,,,,,281.13,0.0,103.2,1,TO 
2025-03-11 09:00:00,2025-03-11 10:00:00,155.13749221464812,18.611115416597613,155.13749221464812,18.611115416597613,282.75,0.0,450.25,1,CI/DM 
2025-03-11 11:00:00,2025-03-11 12:00:00,160.12844618209633,10.359185965202728,160.12844618209633,10.359185965202728,282.81666666666666,0.0,390.3333333333333,1,CI/DM 
2025-03-11 13:00:00,2025-03-11 14:00:00,168.59907394810904,10.203388359007608,168.59907394810904,10.203388359007608,284.54999999999995,0.0,306.2,1,CI/DM 
2025-03-12 09:00:00,2025-03-12 10:00:00,5162.565929196753,11370.282873403705,5162.565929196753,11370.282873403705,279.875,0.0,50.25,1,FL/IF CI/DM 
2025-03-12 11:00:00,2025-03-12 12:00:00,-891.8828421660581,2200.8839972723263,-891.8828421660581,2200.8839972723263,279.975,0.0,86.5,1,FL/IF CI/DM 
2025-03-12 13:00:00,2025-03-12 14:00:00,645.9887114595728,1070.0564960700965,645.9887114595728,1070.0564960700965,280.13,0.0,41.4,1,FL/IF CI/DM 
2025-03-13 09:00:00,2025-03-13 10:00:00,-9999.0,,-9999.0,,280.3833333333333,0.1,91.0,1,No calibration!
2025-03-13 11:00:00,2025-03-13 12:00:00,-9999.0,,-9999.0,,281.15,0.0,225.5,1,No calibration!
2025-03-13 13:00:00,2025-03-13 14:00:00,-9999.0,,-9999.0,,282.725,0.0,130.5,1,No calibration!
2025-03-14 09:00:00,2025-03-14 10:00:00,5664.909782918556,10585.982870842356,5664.909782918556,10585.982870842356,278.4,0.6000000000000001,70.75,1,FL/IF CI/DM PR 
2025-03-14 11:00:00,2025-03-14 12:00:00,-1010.8138165798856,2948.097998497243,-1010.8138165798856,2948.097998497243,279.475,0.5,145.5,1,FL/IF CI/DM PR 
2025-03-14 13:00:00,2025-03-14 14:00:00,122.7455049026434,788.7408372528096,122.7455049026434,788.7408372528096,280.35,0.0,127.5,1,FL/IF CI/DM 
2025-03-15 09:00:00,2025-03-15 10:00:00,93.9017571087833,11.569632407421611,93.9017571087833,11.569632407421611,280.575,0.2,140.0,1,CI/DM PR 
2025-03-15 11:00:00,2025-03-15 12:00:00,88.88616909562332,8.006319930222249,88.88616909562332,8.006319930222249,281.1,0.0,215.75,1,CI/DM 
2025-03-15 13:00:00,2025-03-15 14:00:00,97.64860116567104,8.488740583423596,97.64860116567104,8.488740583423596,281.65,0.0,187.0,1,CI/DM 
2025-03-16 09:00:00,2025-03-16 10:00:00,81.03535584976069,9.65982133980823,81.03535584976069,9.65982133980823,281.0833333333333,0.0,207.66666666666663,1,CI/DM 
2025-03-16 11:00:00,2025-03-16 12:00:00,80.24749433043462,10.32368416120234,80.24749433043462,10.32368416120234,283.475,0.0,610.75,1,CI/DM 
2025-03-16 13:00:00,2025-03-16 14:00:00,78.23361679009555,7.093600545408282,78.23361679009555,7.093600545408282,284.125,0.0,420.0,1,CI/DM 
2025-03-17 09:00:00,2025-03-17 10:00:00,503.2936078753736,3497.3495617195013,503.2936078753736,3497.3495617195013,283.17499999999995,0.0,608.25,1,FL/IF CI/DM 
2025-03-17 11:00:00,2025-03-17 12:00:00,610.6304460078129,2373.577781576508,610.6304460078129,2373.577781576508,286.125,0.0,749.0,1,FL/IF CI/DM 
2025-03-17 13:00:00,2025-03-17 14:00:00,2118.0677604106395,5441.854872411778,2118.0677604106395,5441.854872411778,287.625,0.0,663.5,1,FL/IF CI/DM 
2025-03-18 09:00:00,2025-03-18 10:00:00,6.721753653490713,1.510704422969499,6.721753653490713,1.510704422969499,277.85,0.0,70.25,1,CI/DM 
2025-03-18 11:00:00,2025-03-18 12:00:00,-160.90878105603645,754.6473518370029,-160.90878105603645,754.6473518370029,277.81666666666666,0.0,71.33333333333333,1,FL/IF CI/DM 
2025-03-18 13:00:00,2025-03-18 14:00:00,-6.707379032015925,1.110466980338436,-6.707379032015925,1.110466980338436,278.17499999999995,0.0,108.0,1,CI/DM 
2025-03-19 09:00:00,2025-03-19 10:00:00,327.900345664247,6.81772654750088,331.99121043310737,6.902784089237824,281.1166666666666,0.0,637.6666666666666,1,
2025-03-19 11:00:00,2025-03-19 12:00:00,314.4873561383439,7.893568557958483,331.0534577638771,8.309374333188854,283.8833333333333,0.0,766.0,1,
2025-03-19 13:00:00,2025-03-19 14:00:00,319.46559621996846,7.020162227926626,324.1696592599247,7.123532625433055,284.97,0.0,659.0,1,
2025-03-20 09:00:00,2025-03-20 10:00:00,-32687.51429022072,9760.186242131298,-32806.38472763756,9795.679843681144,282.2,0.0,621.5,1,CI/DM 
2025-03-20 11:00:00,2025-03-20 12:00:00,-34611.506159500655,10697.486721062216,-37339.44415277636,11540.619069145185,284.71666666666664,0.0,752.0,1,CI/DM 
2025-03-20 13:00:00,2025-03-20 14:00:00,298.5301751195643,5.666325537552353,303.5795319591414,5.762166099052882,286.67499999999995,0.0,657.5,1,
2025-03-21 09:00:00,2025-03-21 10:00:00,,,,,282.42499999999995,0.0,399.0,0,no data
2025-03-21 11:00:00,2025-03-21 12:00:00,293.697417327366,6.313583463812342,,,283.17499999999995,0.0,294.25,0,
2025-03-21 13:00:00,2025-03-21 14:00:00,,,,,283.57,0.0,235.8,0,TO 
2025-03-22 09:00:00,2025-03-22 10:00:00,316.0072206253351,5.391460906616784,316.2351304902282,5.39534932133203,280.17499999999995,0.3,98.5,1,PR 
2025-03-22 11:00:00,2025-03-22 12:00:00,291.6908915281471,8.964000174081761,335.23045495644624,10.302021570999656,280.54999999999995,0.4,115.66666666666669,1,PR 
2025-03-22 13:00:00,2025-03-22 14:00:00,295.7016529427074,6.482516282156177,301.3071125366075,6.605401909357816,280.625,0.0,100.75,1,
2025-03-23 09:00:00,2025-03-23 10:00:00,303.0666919626759,9.167342245130424,303.354141895232,9.176037202313005,280.625,0.1,318.5,1,PR 
2025-03-23 11:00:00,2025-03-23 12:00:00,288.1690409659849,7.321589928856074,328.71512900878395,8.351755518030904,281.275,0.0,242.0,1,
2025-03-23 13:00:00,2025-03-23 14:00:00,300.73392231386515,5.261583437742918,313.5012636403815,5.4849584103790265,282.575,0.0,305.75,1,
2025-03-24 09:00:00,2025-03-24 10:00:00,305.4618039233622,32.944348564842656,305.8532499848936,32.98656639807021,284.11,0.0,379.0,1,CI/DM 
2025-03-24 11:00:00,2025-03-24 12:00:00,284.83075564098823,8.484653463986017,319.1861266328983,9.50804511576552,284.325,0.0,263.5,1,
2025-03-24 13:00:00,2025-03-24 14:00:00,283.80786096195845,11.12649814135857,296.9791031625155,11.642867918316671,286.625,0.0,632.0,1,
2025-03-25 09:00:00,2025-03-25 10:00:00,308.13690470140835,5.913208004506732,308.1732375372363,5.913905238795667,285.45,0.0,658.2,1,
2025-03-25 11:00:00,2025-03-25 12:00:00,284.7581736039275,12.185360969450697,320.6480307888218,13.721158377493698,288.54999999999995,0.0,818.25,1,
2025-03-25 13:00:00,2025-03-25 14:00:00,257.1062209086907,86.5712541797626,267.9798925554676,90.23257123647709,289.61,0.0,546.6,1,CI/DM 
2025-03-26 09:00:00,2025-03-26 10:00:00,302.634478311033,7.871045322574609,304.08557361137457,7.908786021982379,286.79,0.0,679.2,1,
2025-03-26 11:00:00,2025-03-26 12:00:00,263.9467452968161,17.16615715239633,306.8656184811387,19.95744795258161,289.04999999999995,0.0,602.25,0,
2025-03-26 13:00:00,2025-03-26 14:00:00,288.67108209126764,11.140514052638844,336.6397244488217,12.99173978123947,291.025,0.0,525.0,0,
2025-03-27 09:00:00,2025-03-27 10:00:00,-6.713231421715954,2.569351898610972,-165.88728441477008,63.48996219432607,289.85,0.0,660.25,0,CI/DM 
2025-03-27 11:00:00,2025-03-27 12:00:00,-8.240007967804557,1.071589554590084,-8.36692517165434,1.0880947752736807,292.7833333333333,0.0,806.3333333333334,0,CI/DM 
2025-03-27 13:00:00,2025-03-27 14:00:00,-7.43056847919455,1.6991127687737273,-7.451434065527638,1.7038840032042786,293.2,0.0,654.0,0,CI/DM 
2025-03-28 09:00:00,2025-03-28 10:00:00,298.9514893953104,8.523592053427004,300.7550886728207,8.575015595421892,286.9833333333333,0.0,678.3333333333334,1,
2025-03-28 11:00:00,2025-03-28 12:00:00,265.1898779549781,7.554242926317705,334.2197860463042,9.520640357941367,290.25,0.0,801.25,0,
2025-03-28 13:00:00,2025-03-28 14:00:00,289.32904915016934,7.849022006842243,325.14685812418924,8.820700349199209,289.5,0.0,412.25,1,
2025-03-29 09:00:00,2025-03-29 10:00:00,300.3761245078661,5.400118508125712,303.1576680407922,5.4501246953282445,287.95,0.0,410.5,1,
2025-03-29 11:00:00,2025-03-29 12:00:00,258.60237134489,16.529630170130236,346.4066459918791,22.142000156233813,291.775,0.0,475.0,0,
2025-03-29 13:00:00,2025-03-29 14:00:00,258.4544383320703,85.84255597825026,296.3622322764504,98.4331771518803,291.7,0.0,392.75,1,CI/DM 
2025-03-30 09:00:00,2025-03-30 10:00:00,295.7539641086223,35.38987953429591,298.62355903813284,35.73325487728981,292.17,0.0,610.4,1,CI/DM 
2025-03-30 11:00:00,2025-03-30 12:00:00,265.5820491312637,11.884061800262582,365.8766774286574,16.37196888893593,294.325,0.0,712.75,0,
2025-03-30 13:00:00,2025-03-30 14:00:00,281.19683627715466,12.130884344267873,311.78527718896595,13.45047543172564,295.09,0.0,636.4,1,
2025-03-31 09:00:00,2025-03-31 10:00:00,301.74410741267843,10.292996631203474,305.499365476957,10.421094770174108,291.225,0.0,702.25,1,
2025-03-31 11:00:00,2025-03-31 12:00:00,256.0424904889917,46.428129904113725,350.6449033299298,63.58236514152839,293.04999999999995,0.0,833.75,0,CI/DM 
2025-03-31 13:00:00,2025-03-31 14:00:00,292.99543983594424,9.352458007165316,316.9915365902264,10.118416983714438,293.0,0.0,735.5,1,
2025-04-01 09:00:00,2025-04-01 10:00:00,300.3474895313359,9.54253014816716,319.82712018357483,10.161429820224376,287.29999999999995,0.0,707.25,1,
2025-04-01 11:00:00,2025-04-01 12:00:00,266.72774234418785,8.23814094547435,348.6092696350247,10.767130081453208,290.45,0.0,862.6666666666666,0,
2025-04-01 13:00:00,2025-04-01 14:00:00,297.46225116264054,10.182316103178373,308.2646987993856,10.55209054042362,288.54999999999995,0.0,500.25,1,
2025-04-02 09:00:00,2025-04-02 10:00:00,292.3230811589182,7.264913897749424,319.114042088005,7.930732086365101,283.7,0.0,155.75,1,
2025-04-02 11:00:00,2025-04-02 12:00:00,263.65077395124,11.375344349348792,341.26403105877364,14.724007099096756,285.775,0.0,395.5,0,
2025-04-02 13:00:00,2025-04-02 14:00:00,289.6023537604033,5.330332915143021,305.5742222619059,5.62430627304028,287.225,0.0,302.5,1,
2025-04-03 09:00:00,2025-04-03 10:00:00,256.0131893936235,10.162131779139267,384.3034899900267,15.254459028895054,288.25,0.0,656.5,0,
2025-04-03 11:00:00,2025-04-03 12:00:00,210.5488730468546,8.233356977591473,573.2595479176867,22.4168879677104,290.54999999999995,0.0,816.6666666666666,0,CI/DM 
2025-04-03 13:00:00,2025-04-03 14:00:00,252.80089474375865,12.453569545664768,358.81390298260084,17.676020883053273,292.29999999999995,0.0,714.25,0,
2025-04-04 09:00:00,2025-04-04 10:00:00,302.06045261242303,7.130485257128019,307.8730794792099,7.267699016229382,289.15,0.0,684.75,1,
2025-04-04 11:00:00,2025-04-04 12:00:00,288.33976437298713,7.359707250075365,306.74987941828783,7.829614886534245,291.7,0.0,821.5,1,
2025-04-04 13:00:00,2025-04-04 14:00:00,288.2372329024109,9.637089449617026,298.780366980185,9.989594659175486,293.79999999999995,0.0,714.0,1,
2025-04-05 09:00:00,2025-04-05 10:00:00,306.2752457770653,5.129106889887879,314.9715380896224,5.274741293685835,288.92499999999995,0.0,686.0,1,
2025-04-05 11:00:00,2025-04-05 12:00:00,288.1758490367257,7.588629377777854,312.8219790618156,8.237644022766702,292.04999999999995,0.0,818.0,1,
2025-04-05 13:00:00,2025-04-05 14:00:00,287.1341837765584,19.32311150949604,295.70182082043686,19.89968307542489,294.13,0.0,700.0,1,
2025-04-06 09:00:00,2025-04-06 10:00:00,305.8219548078654,9.45889575105102,312.4696969894973,9.664506562463908,295.27,0.0,729.4,1,
2025-04-06 11:00:00,2025-04-06 12:00:00,284.9976444373718,11.56068473995354,305.42221133137383,12.389189758925856,297.125,0.0,853.0,1,
2025-04-06 13:00:00,2025-04-06 14:00:00,286.6384918024909,9.995410559259572,295.4483442544234,10.302620144649945,297.92499999999995,0.0,751.75,1,
2025-04-07 09:00:00,2025-04-07 10:00:00,303.48484709092253,6.734565505088828,311.33486945628056,6.908763625168534,285.625,0.0,732.75,1,
2025-04-07 11:00:00,2025-04-07 12:00:00,282.4176249040009,6.408391974841264,323.55080005944245,7.341752665964821,287.225,0.0,845.25,0,
2025-04-07 13:00:00,2025-04-07 14:00:00,285.4779738312325,7.419605041841982,298.6744116054708,7.762581962022787,288.275,0.0,737.5,1,
2025-04-08 09:00:00,2025-04-08 10:00:00,300.05667896478315,5.534852236984595,309.98080239989474,5.71791284068269,281.6,0.0,206.75,1,
2025-04-08 11:00:00,2025-04-08 12:00:00,264.2194709605733,11.939529524828233,298.7177619003929,13.498435693759106,283.31666666666666,0.0,648.3333333333334,1,
2025-04-08 13:00:00,2025-04-08 14:00:00,281.3772015182534,5.97330722097114,294.43217023598424,6.250448860344917,286.1,0.0,731.25,1,
2025-04-09 09:00:00,2025-04-09 10:00:00,300.4377938670532,7.109896243206335,308.6211831205724,7.303557126417447,285.1,0.0,681.5,1,
2025-04-09 11:00:00,2025-04-09 12:00:00,274.1266786651318,8.698675476894485,314.698656426378,9.986118456612576,287.275,0.0,755.0,1,
2025-04-09 13:00:00,2025-04-09 14:00:00,286.2783089749232,5.468679791468976,295.1619257673573,5.638380582988583,289.67499999999995,0.0,748.5,1,
2025-04-10 09:00:00,2025-04-10 10:00:00,299.69493482186726,6.573951475168882,312.3799441725247,6.852203211331361,285.15,0.0,334.25,1,
2025-04-10 11:00:00,2025-04-10 12:00:00,259.58473950726955,20.43995283477273,311.00366156347053,24.488728366179387,288.5833333333333,0.0,529.3333333333334,0,CI/DM 
2025-04-10 13:00:00,2025-04-10 14:00:00,283.9026291304853,4.72921538021837,294.58039298322666,4.907084268553021,292.4,0.0,805.5,1,
2025-04-11 09:00:00,2025-04-11 10:00:00,305.6023583422146,5.665207964271084,315.3388077953555,5.845700717288027,289.525,0.0,745.0,1,
2025-04-11 11:00:00,2025-04-11 12:00:00,274.38936794361706,7.366930910419734,318.81185719289584,8.559606164642947,292.975,0.0,859.0,1,
2025-04-11 13:00:00,2025-04-11 14:00:00,297.17099095724086,5.377876389873855,305.0400988964339,5.520282920401071,294.45,0.0,750.75,1,
2025-04-12 09:00:00,2025-04-12 10:00:00,317.4101989908632,8.251701223542032,325.56927534290213,8.463812430211325,288.5,0.0,589.25,1,
2025-04-12 11:00:00,2025-04-12 12:00:00,296.8452634683868,17.76437183805385,364.3186894930561,21.80224333744968,290.77,0.0,643.2,0,
2025-04-12 13:00:00,2025-04-12 14:00:00,314.4195364477086,14.854421892462655,325.67095533804496,15.385983400930424,290.65,0.0,380.0,1,
2025-04-13 09:00:00,2025-04-13 10:00:00,320.9297627791205,7.139605485335508,341.43770571909675,7.595838090997495,284.75,0.0,156.0,1,
2025-04-13 11:00:00,2025-04-13 12:00:00,290.52191707760176,8.580947394571277,340.05520465191097,10.043978270970818,285.33,0.0,178.0,1,
2025-04-13 13:00:00,2025-04-13 14:00:00,306.9392298543647,6.600413530318526,317.8897378875095,6.835892981479346,286.1,0.0,172.0,1,
2025-04-14 09:00:00,2025-04-14 10:00:00,299.63542543375155,8.596952317359216,313.3383494073153,8.990108045987078,284.59,0.0,200.0,1,
2025-04-14 11:00:00,2025-04-14 12:00:00,265.020133094302,7.413440697845623,338.56849131923906,9.470817945975153,284.9833333333333,0.0,194.3333333333333,0,
2025-04-14 13:00:00,2025-04-14 14:00:00,288.39642603800905,5.114392835084526,299.59725304340526,5.3130271599629815,285.325,0.0,135.25,1,
2025-04-15 09:00:00,2025-04-15 10:00:00,286.1685016639138,16.19018948058949,291.1314846461395,16.470973824093313,284.51,1.1,124.2,1,PR 
2025-04-15 11:00:00,2025-04-15 12:00:00,264.14672782847657,7.527860410663708,311.82047380078865,8.886504176131988,285.5833333333333,0.0,235.66666666666663,0,
2025-04-15 13:00:00,2025-04-15 14:00:00,275.4899010914783,5.960666366658859,285.98730326343986,6.187794518419766,285.25,0.0,199.66666666666663,1,
2025-04-16 09:00:00,2025-04-16 10:00:00,286.3226502873556,7.363522189609105,302.277540945727,7.7738431728697615,288.1166666666667,0.1,164.0,1,PR 
2025-04-16 11:00:00,2025-04-16 12:00:00,246.5361478510458,8.569212583412652,331.24294003193194,11.51348877083622,287.1,2.5,42.0,0,CI/DM PR 
2025-04-16 13:00:00,2025-04-16 14:00:00,282.36145419065684,5.57244570772566,298.73668831313694,5.89561341261077,287.42499999999995,1.1,62.0,1,PR 
2025-04-17 09:00:00,2025-04-17 10:00:00,280.3281121330459,8.43868764719074,299.6142699197424,9.019256824637791,285.575,0.7,150.5,1,PR 
2025-04-17 11:00:00,2025-04-17 12:00:00,246.69510832894343,10.676529141894347,395.58102016695466,17.120048785731328,288.92499999999995,0.0,652.25,0,CI/DM 
2025-04-17 13:00:00,2025-04-17 14:00:00,278.39731754850646,9.117660825066883,289.90663183692965,9.494597014449004,287.225,0.0,392.75,1,
2025-04-18 09:00:00,2025-04-18 10:00:00,286.33840012838255,12.23579802859936,302.1618040006523,12.911962922372748,286.7,0.0,588.5,1,
2025-04-18 11:00:00,2025-04-18 12:00:00,246.23574446532373,9.834744051284565,348.70590843311817,13.927439194732106,288.575,0.0,658.75,0,CI/DM 
2025-04-18 13:00:00,2025-04-18 14:00:00,287.1194983571402,7.580313208375076,298.3364091125157,7.876453655967995,289.85,0.0,575.75,1,
2025-04-19 09:00:00,2025-04-19 10:00:00,280.9272446097071,10.013139562167783,308.1671014142817,10.984054605372702,284.25,0.0,62.75,0,
2025-04-19 11:00:00,2025-04-19 12:00:00,239.4682377466037,8.017740350654643,488.6283176036015,16.359977487571634,284.6166666666666,0.0,112.66666666666669,0,CI/DM 
2025-04-19 13:00:00,2025-04-19 14:00:00,277.516774376975,5.843793978738302,291.9933308756206,6.148633258776679,285.1,0.0,143.25,1,
2025-04-20 09:00:00,2025-04-20 10:00:00,289.38426075076626,18.32924409691068,315.31618714944534,19.97174050508222,282.9,1.4,39.75,1,PR 
2025-04-20 11:00:00,2025-04-20 12:00:00,234.0513368431464,8.240841085680612,356.6991927231107,12.559216291046765,283.575,0.6000000000000001,106.75,0,CI/DM PR 
2025-04-20 13:00:00,2025-04-20 14:00:00,261.0481659049913,7.677578230632035,276.7828682473199,8.140344968525545,284.975,0.0,236.25,1,CI/DM 
2025-04-21 09:00:00,2025-04-21 10:00:00,283.14104195466734,12.912143851363505,309.7571115226782,14.125922386073702,287.1,0.0,697.25,0,
2025-04-21 11:00:00,2025-04-21 12:00:00,243.76764840866872,13.223796555920154,557.9208264340747,30.26583531997792,289.41666666666663,0.0,725.6666666666666,0,CI/DM 
2025-04-21 13:00:00,2025-04-21 14:00:00,279.85426749036026,5.330103783094189,305.3865870215936,5.816392286553526,289.15,0.0,312.0,1,
2025-04-22 09:00:00,2025-04-22 10:00:00,-36427.7166849265,69877.27935340718,,,290.0,0.0,755.25,0,FL/IF CI/DM 
2025-04-22 11:00:00,2025-04-22 12:00:00,256.43161776075686,17.103388428546783,,,293.1166666666666,0.0,872.3333333333334,0,
2025-04-22 13:00:00,2025-04-22 14:00:00,289.4416807671851,7.880169046048059,,,294.65,0.0,674.0,0,
2025-04-23 09:00:00,2025-04-23 10:00:00,280.1268301702235,13.654405544785087,313.4147099673253,15.276978470768242,291.325,0.0,731.75,0,CI/DM 
2025-04-23 11:00:00,2025-04-23 12:00:00,233.5597729764962,15.981538119593981,357.14388600425434,24.437892517267095,292.79999999999995,0.0,625.25,0,CI/DM 
2025-04-23 13:00:00,2025-04-23 14:00:00,265.3555144288871,8.96444723891517,287.79647066390277,9.722565149494768,286.92499999999995,2.9999999999999996,157.0,1,PR 
